{
  "project_info": {
    "project_number": "1080589683067",
    "firebase_url": "https://soft-eng-2-rams-default-rtdb.firebaseio.com",
    "project_id": "soft-eng-2-rams",
    "storage_bucket": "soft-eng-2-rams.appspot.com"
  },
  "client": [
    {
      "client_info": {
        "mobilesdk_app_id": "1:1080589683067:android:2ff85933f69bf33c7595de",
        "android_client_info": {
          "package_name": "com.example.rams"
        }
      },
      "oauth_client": [
        {
          "client_id": "1080589683067-ap9k7tuchq1qtnqb0nd91cj1blgjdiv5.apps.googleusercontent.com",
          "client_type": 3
        }
      ],
      "api_key": [
        {
          "current_key": "AIzaSyBC7dc7jlnF41qFmji62zV3BO9lDM84k9A"
        }
      ],
      "services": {
        "appinvite_service": {
          "other_platform_oauth_client": [
            {
              "client_id": "1080589683067-ap9k7tuchq1qtnqb0nd91cj1blgjdiv5.apps.googleusercontent.com",
              "client_type": 3
            }
          ]
        }
      }
    }
  ],
  "configuration_version": "1"
}